{
    "neuronPositions": [[5.798690105969463, 2.792560233667494], [4.783289730605459, 5.107400190376079]],
    "neuronSpikes": {
        "0": [7708, 10037, 11647, 12608, 13061, 13569, 14530, 15491, 16452, 17413, 18374, 19335, 20296, 21257, 22218, 23179, 24140],
        "1": [20229, 21190, 22151, 23112, 24073]
    }
}